,Case Creation,Followup Inspection,Hours Daylight,Case Day Number,Trend1,DeTrended1,ZONING,WEEDS AND VEGETATION,HOUSING,BUILDING,Trend2,DeTrended2,Issue Permit,Day Count,Trend3,DeTrended3
1999-08-31,0.0,1.0,14.330086788182815,2.0,12.033290179306583,-1.1201627661791633,0.0,0.0,0.0,0.0,0.0,6.039575289575289,0.0,0.0,7.081208368847072,222.09446730682868
2002-09-30,0.0,1.0,12.305349658820413,0.0,11.587754190281576,-0.6746267771541561,0.0,0.0,0.0,0.0,0.0,6.039575289575289,0.0,1.0,4.459105635708962,224.7165700399668
2003-04-30,0.0,1.0,12.889702951340395,0.0,11.862161364617364,-0.9490339514899446,0.0,0.0,0.0,0.0,0.0,6.039575289575289,0.0,2.0,4.510018279412154,224.6656573962636
2003-05-31,0.0,1.0,14.837216893711835,2.0,12.27143402321086,-1.3583066100834404,0.0,0.0,0.0,0.0,0.0,6.039575289575289,0.0,3.0,7.123971507591665,222.0517041680841
2003-09-30,1.0,1.0,24.58129183818488,3.0,22.403804708159015,0.4224501180958242,0.0,0.0,0.0,0.0,0.0,13.079150579150578,0.0,9.0,9.201413581020292,220.97426209465547
2003-11-30,71.0,12.0,125.49439984406078,31.0,132.42927568748337,91.3545080963005,22.0,10.0,15.0,9.0,32.0,123.554054054054,2.0,175.0,85.74952657642649,214.42614909924927
2003-12-31,117.0,43.0,199.17950899077945,49.0,220.57649133455718,158.33856658050092,49.0,16.0,22.0,10.0,65.0,196.94980694980683,8.0,756.0,150.34704768823875,195.82862798743702
2004-01-31,172.0,71.0,182.83951358900774,50.0,195.22293142927114,205.95274424640468,71.0,17.0,25.0,22.0,88.0,210.83108108108098,15.0,1134.0,176.7012133738198,224.47446230185597
2004-02-29,219.0,100.0,198.66712758067104,40.0,199.37248383129753,237.89006443125078,94.0,25.0,34.0,25.0,119.0,220.7915057915057,21.0,1490.0,199.11216499509285,249.0635106805829
2004-03-31,278.0,158.0,302.1941147889791,58.0,278.29610311485527,283.44520962645777,121.0,27.0,33.0,33.0,148.0,287.0289575289574,45.0,2535.0,264.4129475264385,242.7627281492373
2004-04-30,241.0,142.0,309.1765174157646,52.0,265.6629562542349,226.33897424769577,111.0,29.0,25.0,21.0,140.0,239.91023166023155,45.0,2806.0,247.5548916437135,222.62078403196227
2004-05-31,255.0,131.0,313.6658970279919,40.0,259.1841660934446,224.99150958223112,91.0,62.0,18.0,22.0,153.0,228.83108108108098,32.0,3024.0,235.16183928710745,249.0138363885683
2004-06-30,270.0,215.0,392.578376787844,59.0,314.67785733888144,228.15032798930395,85.0,65.0,16.0,23.0,150.0,270.9893822393821,34.0,4175.0,260.19181137758,238.98386429809577
2004-07-31,298.0,193.0,337.546380011948,52.0,273.17592452633653,264.9128785624666,111.0,53.0,32.0,37.0,164.0,266.87065637065626,35.0,4191.0,267.36163034880144,259.8140453268743
2004-08-31,273.0,187.0,308.44897000184505,41.0,262.2909816415581,250.79782144724513,100.0,37.0,29.0,41.0,137.0,268.87065637065626,121.0,4675.0,233.0512701871838,269.12440548849196
2004-09-30,274.0,182.0,269.74319872685214,50.0,241.8414088326887,272.2473942561146,85.0,62.0,36.0,35.0,147.0,259.87065637065626,209.0,5159.0,250.48777833852014,252.68789733715562
2004-10-31,248.0,235.0,243.06817605026853,55.0,233.86116553877775,265.1407649631529,85.0,55.0,35.0,27.0,140.0,246.91023166023155,202.0,5911.0,247.56306329466378,229.61261238101199
2004-11-30,216.0,197.0,172.89388649587022,31.0,183.7340086382731,239.61541221114786,76.0,29.0,37.0,28.0,105.0,225.7519305019304,141.0,5282.0,176.10179646380934,269.0738792118664
2004-12-31,176.0,165.0,182.40817110335018,47.0,201.58754102133958,214.50126206746367,62.0,15.0,36.0,34.0,77.0,231.87065637065626,164.0,6567.0,170.30409504134397,234.8715806343318
2005-01-31,183.0,159.0,182.7302797367432,46.0,196.1821617426273,215.99351393304858,65.0,20.0,27.0,25.0,85.0,224.83108108108098,138.0,6720.0,174.1995697137473,237.97610596192845
2005-02-28,195.0,142.0,198.00103017667215,45.0,197.79653337624353,215.4660148863049,91.0,15.0,23.0,26.0,106.0,209.7915057915057,170.0,6810.0,203.1102098904217,221.06546578525408
2005-03-31,269.0,203.0,267.5090267456256,46.0,247.61205691898314,272.3898735829475,117.0,25.0,32.0,37.0,142.0,265.91023166023155,232.0,8326.0,252.8345133982043,245.34116227747145
2005-04-30,216.0,174.0,308.5049857028919,55.0,264.5897166809984,202.41221382093224,65.0,20.0,30.0,28.0,85.0,269.91023166023155,212.0,8855.0,201.28641511458784,243.88926056108792
2005-05-31,293.0,187.0,312.6135417223319,41.0,258.4373578909948,263.73831778468104,86.0,69.0,33.0,28.0,155.0,264.831081081081,236.0,8547.0,250.08652478073344,272.08915089494235
2005-06-30,284.0,257.0,345.48663295547345,45.0,278.67301732614845,245.41578576265476,95.0,94.0,15.0,22.0,189.0,227.87065637065626,273.0,9427.0,290.78439867743316,222.3912769982426
2005-07-31,245.0,195.0,322.3035098844847,49.0,260.96663069980127,213.2090449758746,78.0,70.0,17.0,33.0,148.0,223.83108108108098,285.0,9450.0,255.9094393846311,218.26623629104466
2005-08-31,263.0,275.0,349.9323055093542,54.0,295.9147937511416,239.91339157704385,89.0,60.0,14.0,26.0,149.0,264.9893822393821,450.0,11825.0,281.93472480009797,210.2409508755778
2005-09-30,272.0,199.0,295.108713239425,58.0,263.3503206577915,270.5647372572666,90.0,69.0,20.0,26.0,159.0,257.9498069498068,434.0,11940.0,288.83262206747327,212.3430536082025
2005-10-31,266.0,229.0,232.78592429521268,45.0,225.74975428481693,280.3390488039863,82.0,49.0,26.0,38.0,131.0,267.87065637065626,459.0,11451.0,244.79138517736035,250.3842904983154
2005-11-30,232.0,247.0,190.62075971202415,39.0,201.65588159366115,259.5197940820147,81.0,46.0,25.0,27.0,127.0,231.83108108108098,385.0,11382.0,223.8291009917868,237.34657468388897
2005-12-31,192.0,173.0,174.14523834750318,47.0,191.89807030790564,229.2776053677702,59.0,49.0,26.0,10.0,108.0,210.83108108108098,484.0,11823.0,217.39737809249192,203.77829758318384
2006-01-31,220.0,208.0,191.69184548557342,46.0,206.1997043741222,253.88909871468104,52.0,30.0,27.0,40.0,82.0,270.87065637065626,515.0,12859.0,196.51713819404318,252.65853748163258
2006-02-28,251.0,206.0,209.56707012651492,46.0,208.78448282708882,271.39119284858697,97.0,15.0,44.0,25.0,112.0,265.831081081081,447.0,12726.0,232.3595931470626,247.81608252861315
2006-03-31,344.0,253.0,279.7844584958988,54.0,257.16471077999165,348.75034713506636,151.0,36.0,32.0,29.0,187.0,301.9498069498068,690.0,15084.0,346.9375502232943,226.23812545238147
2006-04-30,248.0,313.0,281.0818477561535,46.0,242.36719435417479,234.808481321501,88.0,28.0,30.0,30.0,116.0,258.831081081081,597.0,13671.0,250.98856583868837,226.1871098369874
2006-05-31,292.0,266.0,326.9742945759543,43.0,270.4850485853202,261.603754503483,97.0,30.0,35.0,48.0,127.0,297.87065637065626,699.0,14795.0,271.4618072287186,249.71386844695715
2006-06-30,294.0,213.0,345.5207217792253,47.0,278.1837623528717,255.90504073593152,103.0,73.0,27.0,27.0,176.0,250.87065637065626,699.0,15279.0,318.8037455416116,204.37193013406417
2006-07-31,295.0,258.0,306.76915634687606,39.0,250.38887857307986,262.87366968946856,100.0,63.0,23.0,28.0,163.0,252.7915057915057,686.0,14310.0,293.70881574601754,230.46685992965823
2006-08-31,408.0,372.0,337.5847453145401,51.0,285.0651120421635,384.84994587289447,118.0,126.0,22.0,36.0,244.0,308.9498069498068,748.0,17700.0,385.121741220919,252.05393445475679
2006-09-30,292.0,299.0,270.6227783798773,55.0,240.99129474936876,291.0975083394344,79.0,77.0,17.0,49.0,156.0,268.87065637065626,656.0,16731.0,292.7136270190356,228.46204865664018
2006-10-31,357.0,282.0,243.20975839057382,47.0,235.9487025045596,372.0532279973711,118.0,89.0,16.0,42.0,207.0,288.91023166023155,675.0,18009.0,335.9358679585799,250.23980771709589
2006-11-30,195.0,248.0,190.72586706454365,43.0,200.6947135122639,223.48096216341187,52.0,31.0,30.0,32.0,83.0,238.83108108108098,491.0,16905.0,188.78533675661205,235.3903389190637
2006-12-31,285.0,202.0,174.31018352537777,49.0,191.47026432933532,322.70541134634044,71.0,86.0,36.0,31.0,157.0,254.83108108108095,462.0,17346.0,257.5683371139977,256.60733856167803
2007-01-31,248.0,231.0,182.65858135693492,43.0,196.9063869914397,280.26928868423613,83.0,19.0,41.0,29.0,102.0,272.831081081081,646.0,17787.0,227.20346097447901,249.97221470119675
2007-02-28,255.0,208.0,188.9754423302347,40.0,189.01208349380906,273.3373373556119,93.0,17.0,39.0,42.0,110.0,259.7519305019304,510.0,16473.0,223.14680002495618,261.02887565071956
2007-03-31,291.0,250.0,278.6670449626473,58.0,255.62945762690055,297.2856002881575,99.0,20.0,37.0,39.0,119.0,316.9498069498068,662.0,21324.0,272.3138561668365,247.86181950883926
2007-04-30,389.0,224.0,320.4247169711059,58.0,275.2384936832688,375.6765642317893,176.0,39.0,26.0,45.0,215.0,318.9498069498068,654.0,21900.0,379.0234511124255,239.15222456325026
2007-05-31,353.0,232.0,357.7438785735778,57.0,293.01587562506535,321.8991822899928,117.0,70.0,24.0,53.0,187.0,310.9498069498068,747.0,22476.0,345.2530697170785,236.92260595859725
2007-06-30,380.0,314.0,376.9265317449164,61.0,301.01335551984016,340.9017023952177,147.0,91.0,28.0,28.0,238.0,286.9498069498068,731.0,23052.0,401.43669807051356,207.7389776051622
2007-07-31,353.0,319.0,337.9918720092602,45.0,275.15354340532286,317.9352596834804,128.0,94.0,30.0,29.0,222.0,263.87065637065626,803.0,21637.0,366.073188263843,216.10248741183275
2007-08-31,359.0,363.0,336.38921052604013,55.0,283.493173833674,337.42188408138406,106.0,85.0,29.0,54.0,191.0,312.9498069498068,795.0,24156.0,343.18804056040767,244.9876351152681
2007-09-30,266.0,226.0,258.57897536231565,51.0,230.53688613598166,264.6387895396942,102.0,52.0,30.0,31.0,154.0,238.83108108108098,541.0,21609.0,280.2343317163047,214.94134395937104
2007-10-31,381.0,288.0,276.41378730839165,60.0,265.6846249490751,399.05668779223777,152.0,83.0,30.0,33.0,235.0,303.0289575289574,723.0,27365.0,387.18864587239995,222.98702980327582
2007-11-30,264.0,298.0,190.1112722296985,48.0,199.14294821138532,294.0327274642905,106.0,44.0,25.0,27.0,150.0,240.83108108108098,474.0,22596.0,262.31808465544833,230.85759102022743
2007-12-31,250.0,212.0,207.23968062922143,66.0,225.87601353082914,296.9521717973563,89.0,25.0,35.0,43.0,114.0,286.9893822393821,447.0,27475.0,245.45952394237355,233.7161517333022
2008-01-31,283.0,305.0,208.8672170799086,55.0,223.60996561846002,321.30509229659805,122.0,39.0,30.0,31.0,161.0,266.9498069498068,585.0,26964.0,293.7483748283729,218.42730084730286
2008-02-29,259.0,270.0,229.69848599423648,54.0,227.83550789479082,282.16642260713985,119.0,41.0,12.0,28.0,160.0,237.91023166023155,588.0,26381.0,293.13856271149734,195.03711296417842
2008-03-31,261.0,231.0,257.3040284380722,46.0,237.0106092778237,264.0781938109796,101.0,45.0,34.0,34.0,146.0,247.87065637065626,584.0,25729.0,268.27236900390403,221.90330667177173
2008-04-30,375.0,289.0,335.31105205357494,60.0,287.5329931765606,360.29519215162503,144.0,84.0,25.0,35.0,228.0,297.9893822393821,620.0,29825.0,373.3672579848344,230.80841769084137
2008-05-31,286.0,266.0,328.30086419419524,52.0,268.8343114930883,257.254491595715,115.0,66.0,13.0,42.0,181.0,237.87065637065626,560.0,26763.0,311.9826483418474,203.19302733382838
2008-06-30,432.0,312.0,361.3902354131676,52.0,290.1820596812823,392.8198708206484,116.0,180.0,32.0,30.0,296.0,274.91023166023155,645.0,28497.0,412.9641788679908,248.21149680768494
2008-07-31,379.0,380.0,337.1214991149483,42.0,275.50271811614,343.5860849726633,93.0,173.0,28.0,31.0,266.0,245.87065637065626,643.0,27753.0,366.78196802582016,241.3937076498556
2008-08-31,363.0,299.0,308.7024726924323,49.0,260.3889731366191,342.6998299521842,122.0,116.0,18.0,38.0,238.0,257.87065637065626,603.0,28237.0,357.2008579483207,234.9748177273551
2008-09-30,289.0,330.0,270.21514121649,47.0,242.82092305950076,286.26788002930243,78.0,102.0,21.0,40.0,180.0,241.87065637065626,556.0,28721.0,284.9765216467634,233.19915402891237
2008-10-31,297.0,393.0,263.568831813894,61.0,253.59084520444566,316.23734012373984,111.0,82.0,24.0,32.0,193.0,254.9893822393821,514.0,33225.0,317.07109746444286,209.1045782112329
2008-11-30,188.0,248.0,180.93988397169755,47.0,189.27950616502977,216.9830420975186,79.0,35.0,24.0,20.0,114.0,194.7915057915057,349.0,27030.0,208.13074180181323,209.04493387386253
2008-12-31,186.0,216.0,199.20732891707019,50.0,220.33692393485669,227.5781339802014,68.0,35.0,21.0,27.0,103.0,227.94980694980683,361.0,32964.0,197.77968624032144,217.39598943535432
2009-01-31,209.0,223.0,174.35768470201478,44.0,186.9464573716325,240.31609089091586,88.0,41.0,17.0,20.0,129.0,200.7915057915057,337.0,27910.0,217.43281538664016,220.7428602890356
2009-02-28,264.0,221.0,220.51461224333858,51.0,218.47146555615956,285.6173375326437,125.0,53.0,29.0,26.0,178.0,218.87065637065626,352.0,31163.0,281.49455614329264,211.68111953238312
2009-03-31,259.0,260.0,268.14907310576257,46.0,247.9126170687715,262.08931343315913,104.0,56.0,23.0,29.0,160.0,237.91023166023155,383.0,33097.0,259.10856126119415,229.0671144144816
2009-04-30,270.0,275.0,308.0671014464266,50.0,265.64724704354273,255.35468345838785,131.0,32.0,21.0,30.0,163.0,245.91023166023155,383.0,33626.0,279.274844762433,219.90083091324274
2009-05-31,299.0,226.0,297.75748454246235,44.0,244.89391967101068,272.3686285915378,107.0,105.0,22.0,19.0,212.0,207.7915057915057,422.0,29670.0,307.3935435625687,220.78213211310705
2009-06-30,349.0,331.0,392.5268586118226,59.0,314.6536648558581,307.1745204723274,115.0,144.0,25.0,31.0,259.0,240.9893822393821,463.0,37650.0,372.585502015676,205.59017365999975
2009-07-31,319.0,323.0,368.0434050489397,55.0,298.35770559227154,282.5573523227866,105.0,124.0,25.0,23.0,229.0,234.94980694980683,479.0,36732.0,340.0707896213704,208.10488605430535
2009-08-31,333.0,310.0,349.9332118585358,62.0,293.8941682225972,311.9340171055883,130.0,100.0,21.0,38.0,230.0,253.9893822393821,435.0,38875.0,351.57697021454925,210.5987054611265
2009-09-30,269.0,281.0,270.12011904873367,48.0,242.52367009124367,266.56513299755954,107.0,62.0,23.0,33.0,169.0,232.87065637065626,426.0,34727.0,272.60713942056867,225.5685362551071
2009-10-31,278.0,293.0,243.46516410062702,52.0,234.80548181915935,294.19644868277135,97.0,86.0,20.0,28.0,183.0,233.91023166023155,458.0,36823.0,284.0533609348249,223.12231474085084
2009-11-30,210.0,245.0,182.0095143391715,43.0,190.7923207631068,237.47022749944153,86.0,48.0,25.0,13.0,134.0,196.7915057915057,331.0,32450.0,216.5976522360358,222.57802343963996
2009-12-31,245.0,384.0,190.8438834525071,47.0,211.35814751442945,284.6437829875012,109.0,40.0,32.0,22.0,149.0,234.91023166023155,368.0,37812.0,242.11249175124615,232.0631839244296
2010-01-31,199.0,235.0,156.6523331334858,36.0,169.03469079296454,226.40160264332903,93.0,37.0,17.0,17.0,130.0,177.71235521235513,361.0,29961.0,209.40896655752022,218.76670911815555
2010-02-28,205.0,229.0,189.0473385807447,42.0,188.5405825561105,223.80883829331046,86.0,41.0,23.0,26.0,127.0,192.75193050193042,358.0,31977.0,213.08503744802292,221.09063822765285
2010-03-31,243.0,250.0,255.32607277028256,39.0,237.85019841616548,245.2386046726377,113.0,34.0,31.0,15.0,147.0,228.87065637065626,452.0,37477.0,245.38911072507656,226.7865649505992
2010-04-30,272.0,258.0,282.0413581281665,43.0,243.57566617669485,257.6000094989809,124.0,51.0,27.0,28.0,175.0,223.83108108108098,420.0,36225.0,276.9291700386345,224.24650563704128
2010-05-31,242.0,229.0,282.3954086112157,36.0,233.89180480974264,215.45761603967827,108.0,71.0,12.0,17.0,179.0,177.75193050193042,465.0,33155.0,271.7791848707978,199.39649080487797
2010-06-30,373.0,271.0,361.1384689236218,49.0,290.8217265271327,333.180203974798,111.0,163.0,26.0,28.0,274.0,237.91023166023155,583.0,40618.0,376.5197923061359,225.65588336953985
2010-07-31,338.0,343.0,306.4646664576165,43.0,249.2353672240549,307.0271810384935,98.0,159.0,22.0,21.0,257.0,201.7915057915057,498.0,35750.0,342.0352382977461,225.14043737792966
2010-08-31,310.0,336.0,323.8141946048625,47.0,273.799837876978,287.20209262495257,93.0,124.0,18.0,27.0,217.0,231.91023166023155,537.0,41607.0,314.30700884586264,224.86866682981312
2010-09-30,302.0,294.0,245.1360250116693,41.0,220.94123857900829,299.32130968354016,108.0,111.0,29.0,23.0,219.0,203.7915057915057,460.0,36610.0,303.6820341141195,227.49364156155625
2010-10-31,265.0,331.0,222.51505430389093,46.0,214.86474248667952,279.3109331889963,84.0,105.0,20.0,26.0,189.0,202.83108108108098,408.0,38871.0,269.26718699662047,224.9084886790553
2010-11-30,214.0,235.0,191.9186543813153,40.0,202.01273013938814,241.16294553628757,59.0,79.0,30.0,22.0,138.0,202.83108108108098,305.0,39312.0,200.43837193705625,242.73730373861952
2010-12-31,177.0,279.0,182.73011339221472,48.0,201.48609090010055,215.60271218870264,64.0,49.0,28.0,19.0,113.0,196.87065637065626,356.0,41657.0,194.16905223450172,212.00662344117404
2011-01-31,159.0,258.0,199.3377751363137,50.0,214.58891027688244,195.41302022504829,71.0,17.0,24.0,21.0,88.0,209.91023166023155,360.0,44068.0,179.44973834055412,208.72593733512164
2011-02-28,142.0,160.0,188.03094748998168,40.0,188.56855701144613,160.78086383797483,71.0,5.0,22.0,14.0,76.0,180.75193050193042,405.0,36803.0,165.43626999540652,205.73940568026924
2011-03-31,182.0,181.0,279.0845210899312,52.0,257.3412891065887,186.57376880846934,88.0,10.0,25.0,25.0,98.0,228.94980694980683,444.0,47004.0,208.33491291327607,202.8407627623997
2011-04-30,170.0,163.0,281.04187080129947,44.0,242.85368431279585,156.32199136287997,75.0,5.0,23.0,26.0,80.0,216.83108108108098,485.0,41601.0,186.89203637299798,212.28363930267778
2011-05-31,163.0,177.0,312.1748010284736,41.0,258.23132911421044,133.94434656146535,67.0,8.0,22.0,27.0,75.0,214.83108108108098,513.0,42042.0,181.25099311541751,210.92468256025825
2011-06-30,181.0,160.0,345.3971531771627,45.0,278.6309984080714,142.45780468073187,87.0,16.0,14.0,21.0,103.0,210.87065637065626,543.0,44517.0,219.49769095257582,190.67798472309994
2011-07-31,200.0,161.0,322.9268815812666,49.0,261.25936057411616,167.91631510155963,95.0,27.0,16.0,23.0,122.0,204.83108108108098,476.0,42945.0,235.63475837888438,193.54091729679138
2011-08-31,193.0,232.0,323.6899020243134,43.0,274.7519967437785,169.24993375815214,80.0,21.0,21.0,37.0,101.0,230.91023166023155,563.0,47541.0,210.7451997433583,211.43047593231745
2011-09-30,188.0,166.0,270.9424538283615,47.0,243.1624626747253,184.9263404140779,77.0,15.0,22.0,37.0,92.0,228.87065637065626,476.0,45969.0,196.23927280393133,220.93640287174443
2011-10-31,160.0,194.0,221.96173564898928,40.0,216.12069726224138,173.0549784134345,65.0,9.0,25.0,26.0,74.0,212.83108108108098,495.0,44331.0,167.46444633970356,221.7112293359722
2011-11-30,140.0,122.0,173.0988644979362,32.0,183.57763311514205,163.77178773427897,58.0,8.0,23.0,25.0,66.0,188.75193050193042,389.0,40489.0,137.86597176061224,231.30970391506352
2011-12-31,164.0,168.0,182.6566471245391,53.0,200.18843482213572,203.90036826666747,74.0,15.0,24.0,25.0,89.0,207.87065637065626,340.0,47333.0,179.6067765071223,213.56889916855346
2012-01-31,146.0,134.0,173.90010099867405,41.0,187.48947426138602,176.77307400116226,62.0,8.0,22.0,16.0,70.0,196.7915057915057,400.0,43450.0,152.53147747228942,222.64419820338634
2012-02-29,174.0,145.0,208.7656618707789,48.0,207.9028857626786,195.27278991299724,72.0,5.0,40.0,16.0,77.0,223.83108108108098,406.0,46053.0,172.1135325484401,231.06214312723566
2012-03-31,164.0,203.0,267.9561128002997,52.0,246.30621624729667,168.69571425463403,46.0,9.0,27.0,26.0,55.0,247.91023166023155,447.0,50945.0,155.65219231515357,237.5234833605222
2012-04-30,196.0,185.0,281.3057691445106,40.0,243.98813422827422,181.18754144740157,86.0,11.0,32.0,30.0,97.0,225.83108108108098,450.0,46977.0,192.8970952196246,232.27858045605117
2012-05-31,152.0,193.0,343.14808257172086,52.0,281.6157049108044,121.3862255911262,57.0,9.0,26.0,20.0,66.0,224.91023166023155,494.0,51957.0,178.40193017502878,202.77374550064698
2012-06-30,201.0,129.0,329.9540318745747,44.0,265.82240560277717,164.35327007289862,62.0,34.0,23.0,17.0,96.0,231.83108108108098,451.0,47901.0,192.10875615959048,238.06691951608528
2012-07-31,169.0,162.0,321.9035199748561,39.0,263.3051128786797,134.8705627969961,57.0,25.0,16.0,23.0,82.0,213.83108108108098,557.0,48342.0,181.24978122920402,216.92589444647174
2012-08-31,212.0,183.0,321.9606226191643,49.0,272.42415396515315,190.57777653677746,69.0,29.0,26.0,27.0,98.0,252.91023166023155,600.0,53452.0,210.84038142118882,230.33529425448694
2012-09-30,186.0,162.0,233.0456804134745,40.0,209.70708026977698,183.64234057964399,78.0,22.0,26.0,20.0,100.0,200.75193050193042,478.0,44555.0,192.18514056162644,222.99053511404932
2012-10-31,235.0,201.0,242.93316080669538,43.0,236.82934027934988,249.17259022258082,116.0,12.0,32.0,25.0,128.0,245.91023166023155,562.0,54418.0,233.3900933654382,230.78558231023757
2012-11-30,131.0,155.0,180.92889671020862,40.0,191.04276639291584,158.2197818696325,44.0,11.0,27.0,19.0,55.0,196.7915057915057,443.0,47750.0,134.37699377609502,225.79868189958074
2012-12-31,148.0,191.0,190.9008887223391,55.0,209.3638655463578,189.63806495557284,45.0,9.0,33.0,29.0,54.0,232.91023166023155,436.0,55407.0,147.43098730049024,229.74468837518552
2013-01-31,175.0,187.0,183.0413105582522,45.0,196.58085047768344,207.59482519799232,76.0,8.0,41.0,14.0,84.0,217.83108108108098,441.0,51051.0,172.89098984930806,231.2846858263677
2013-02-28,157.0,143.0,189.93847371181383,40.0,189.46431457318948,174.88510627623154,73.0,9.0,27.0,16.0,82.0,189.75193050193042,474.0,46569.0,170.57050402360863,215.60517165206713
2013-03-31,172.0,184.0,256.4579719131676,50.0,235.60278299277607,176.4860200960272,83.0,1.0,28.0,12.0,84.0,220.87065637065626,489.0,54373.0,189.94622815767926,211.2294475179965
2013-04-30,160.0,156.0,294.0250635923087,41.0,255.5176418633976,144.57116122540566,56.0,15.0,21.0,23.0,71.0,221.87065637065626,559.0,54857.0,167.95112533375348,221.22455034192228
2013-05-31,214.0,155.0,343.27709950824413,49.0,282.43418430947014,182.56774619246056,91.0,22.0,27.0,30.0,113.0,239.91023166023155,546.0,57868.0,224.95203293228317,218.2236427433926
2013-06-30,209.0,167.0,329.7653348336235,45.0,265.4811637367271,172.69451193894864,78.0,34.0,19.0,24.0,112.0,223.83108108108098,558.0,53298.0,217.483629896038,220.69204577963777
2013-07-31,256.0,184.0,337.5329197773124,40.0,276.20118043160113,219.88762265720206,93.0,46.0,23.0,28.0,139.0,249.87065637065623,648.0,56309.0,244.73999799418567,240.4356776814901
2013-08-31,225.0,195.0,308.6279466902485,47.0,260.85923916602627,204.2295639227769,82.0,34.0,26.0,30.0,116.0,241.87065637065626,658.0,56793.0,229.02378454183236,225.1518911338434
2013-09-30,198.0,151.0,245.90340217490797,40.0,221.55422354847514,194.7083247140733,73.0,27.0,45.0,22.0,100.0,218.7915057915057,568.0,52050.0,194.3264553244586,232.84922035121716
2013-10-31,194.0,199.0,262.7541675845578,57.0,254.21881160786802,212.60937372031748,74.0,17.0,37.0,26.0,91.0,253.9893822393821,613.0,65625.0,204.62959179434955,218.5460838813262
2013-11-30,157.0,154.0,190.86165009420148,53.0,198.23216210283456,187.94351357284125,61.0,17.0,27.0,18.0,78.0,205.83108108108098,460.0,55608.0,171.78662373903492,214.38905193664084
2013-12-31,171.0,148.0,182.42072925433695,44.0,202.3513323970666,208.7374706917366,54.0,8.0,44.0,29.0,62.0,241.87065637065626,488.0,58729.0,145.14704055953183,255.02863511614393
2014-01-31,173.0,212.0,183.1580019713586,47.0,196.13038495494592,206.0452907207299,65.0,12.0,31.0,22.0,77.0,222.83108108108098,632.0,56511.0,178.73447853197655,223.4411971436992
2014-02-28,160.0,187.0,190.153885668678,40.0,189.56547013636995,177.783950713051,72.0,7.0,20.0,10.0,79.0,195.75193050193042,503.0,51509.0,167.0641048928495,222.11157078282625
2014-03-31,203.0,160.0,268.21617316057296,51.0,246.6809697013827,207.32096080054794,65.0,26.0,26.0,21.0,91.0,250.91023166023155,568.0,62836.0,192.49994911173053,239.67572656394523
2014-04-30,197.0,182.0,294.16317009017916,43.0,255.07723267639648,182.01157041240677,86.0,6.0,39.0,30.0,92.0,237.87065637065626,652.0,60599.0,202.15183641593734,224.02383925973842
2014-05-31,217.0,200.0,312.6059704270084,47.0,256.9180141205821,189.25766155509368,91.0,20.0,27.0,21.0,111.0,232.83108108108098,596.0,58296.0,222.26083924979088,223.91483642588489
2014-06-30,223.0,269.0,361.29943521451213,51.0,290.3920520981774,183.6098784037533,76.0,29.0,28.0,37.0,105.0,256.91023166023155,624.0,64354.0,219.65853839652124,232.51713727915453
2014-07-31,242.0,198.0,337.4549929526671,42.0,275.6593238935664,206.42947919523678,88.0,44.0,17.0,26.0,132.0,242.87065637065626,593.0,62051.0,231.21006476019025,239.9656109154855
2014-08-31,235.0,216.0,336.55671512484685,60.0,282.30867555838626,214.6063823566718,69.0,33.0,36.0,21.0,102.0,277.9498069498068,610.0,68244.0,219.75232665623213,244.42334901944363
2014-09-30,230.0,213.0,270.5054642748023,46.0,243.20988761081685,226.87891547798645,79.0,4.0,26.0,34.0,83.0,279.87065637065626,567.0,63063.0,185.03467054757425,274.1410051281015
2014-10-31,278.0,262.0,284.397779318101,71.0,272.4641622173294,300.190277937111,92.0,25.0,30.0,44.0,117.0,324.0685328185327,653.0,78057.0,245.9860923231124,261.1895833525634
2014-11-30,166.0,199.0,181.463394661575,44.0,190.2832363657988,193.9793118967496,69.0,1.0,23.0,22.0,70.0,216.7915057915057,464.0,58290.0,155.04050245250482,240.13517322317094
2014-12-31,198.0,229.0,191.0419893914791,45.0,211.95643910913054,237.04549139280005,51.0,16.0,37.0,25.0,67.0,269.91023166023155,534.0,67528.0,148.14950449363513,279.0261711820406
2015-01-31,209.0,242.0,182.33226315281405,47.0,195.74262525745362,242.43305041822217,71.0,17.0,21.0,33.0,88.0,247.83108108108098,452.0,62118.0,170.22896594953696,267.9467097261388
2015-02-28,221.0,207.0,198.9268586186053,40.0,199.4944512457353,239.7680970168131,72.0,33.0,26.0,30.0,105.0,236.7915057915057,475.0,59570.0,180.72118446832638,269.4544912073494
2015-03-31,205.0,282.0,289.7388736501841,58.0,266.63796120193496,211.19022412625057,81.0,17.0,24.0,26.0,98.0,257.9893822393821,653.0,75025.0,213.52443321453836,220.6512424611374
2015-04-30,234.0,313.0,294.3038666948233,45.0,254.6380397807897,219.45076330801348,95.0,11.0,28.0,31.0,106.0,260.87065637065626,602.0,66539.0,210.69078924500303,252.48488643067273
2015-05-31,217.0,286.0,312.57422599178165,50.0,256.14521303427136,190.03046264140448,86.0,21.0,19.0,23.0,107.0,236.83108108108095,674.0,63966.0,223.9224927187428,222.25318295693296
2015-06-30,214.0,350.0,345.2674130574577,41.0,279.58059915832496,174.50820393047832,78.0,20.0,19.0,24.0,98.0,248.87065637065626,665.0,67485.0,202.6490052777112,240.52667039796455
2015-07-31,277.0,396.0,353.0420940254049,51.0,286.51447719232215,241.48745330960855,89.0,36.0,22.0,44.0,125.0,290.91023166023155,632.0,71070.0,235.7387342046524,270.4369414710234
2015-08-31,44.0,54.0,72.2758536807342,12.0,59.954879728332315,38.610757337304776,11.0,11.0,3.0,2.0,22.0,52.197876447876446,142.0,15520.0,47.83876452837379,225.33691114730198
2015-12-31,0.0,1.0,8.406854633147018,5.0,8.493898199231774,2.4192292138956457,0.0,0.0,0.0,0.0,0.0,6.039575289575289,0.0,3107.0,8.151290428626847,221.0243852470489
